ユーザ,システム
あの、極楽、極楽にある。,応答なし
Bちゃんってさー、節約家じゃん。すごい。,そうだねえ
ベビーシッター引き受けたら、人様の面倒見てる場合じゃないって親に怒られてさー。,応答なし
全然違うじゃん。,応答なし
うん。,応答なし
60代が一番よかったって思うようになるにはー、一生懸命60歳までを生きないと。,で
うん。で僕より先に治っていった皆さん。だからぜ扁桃腺炎まできてへん、ほかは。子供らは。,応答なし
就活浪人って手もあるじゃんね,応答なし
ああ。C2かー。,うん、そうですねえちゃんに
そう?,うん。お菓子屋さんなんかあるわけ
外郎売り?,応答なし
あなたの出身地、名古屋なんだ。,応答なし
桜蔭、東大進学、毎年ベストテンに入っているぐらいなのに、全然受験勉強しないんだって、学校自体は。,応答なし
あっ。難しいですー。,で、あのさあねえ先生っていうの
ね、au安いよねー。,えっ?それ携帯
うん、うん。,応答なし
えっ、うちあるのかな、そういうの?聞いたことある?N大学。,応答なし
あ、そうなの?,えーとね。どうなんだろう
何?,応答なし
全然知らないんだけどさ、買ったらさ、なんかさー、,あのとき
お父さん、海外勤務になったら、お母さんもついていくの?,応答なし
たぶんそれ、結構難しいんじゃないかなあ。,うんそうだよねーすごい
だって今週中にや、この土日だよねー。嫌だわー。,で
初めて初めてーとか言って。おかまってどんな気分?とか、言って、めちゃ盛り上がった。,応答なし
風呂敷。,そっか、これ使ってんの?
お元気ですかって。おばあさんに年賀状だしなよ。,ほんとね
うん、ツナ?,応答なし
家にお友達が来るから、ケーキ頼んでいいかなーとか言って。,応答なし
一緒に行った旅行はかなり楽しかった。,え、何で?あ
ふーん。じゃ、水着持ってない、くても、そこに行ったら、お風呂には入れるわけね。,応答なし
言ってよ、ほんとにー。ほんとに言ってよ。,応答なし
松たか子のお父さんだれだっけか。,応答なし
うーん、そうだよね。,あそこへ行けると思うんだけどさ
うん。いいなー、カナダ。行きたーい。私も連れてってよ。,応答なし
あー、そっかー、逆にね、なんかあったときね。そうか。,応答なし
何しに。,応答なし
うち、そういうふうにもならない。勝手にしなさいいうふうにはならないもん、うち。そうなんだ。,応答なし
。USEの方が、ま、大人っぽい見かけだな。な。,応答なし
世界史の授業っていうのは中国史だけ。でもほら、やっぱ頭のいい人とか、勉強、マインドのある子がいるから。結構その世界とのつながりとか日本のつながりこう学んじゃうのね。中国史からちょっと。国語の先生がまるで一般教養の先生と言ったらいいぐらい、漫談ばっかりだったらしいのよ。もうそんなこんなでね、だから高校2年から、ものすごい勉強。そういうことがあったから。孟子とか荘子と,応答なし
いっぱいいろんなところから内定もらっているのに。どうして市役所に就職したの。,応答なし
食べたばかりにしては手が冷たいね。,で、お昼に作ったのを
手作りのカバンって何で作ったの。,応答なし
うん。,応答なし
だけど広辞苑とは違うわけ?,応答なし
H大学とかも、教育実習があるけど、学校のクラスを1クラスとかでやってるんだって。それを。,応答なし
何かさー、前、サークルいたときに、なんだろう、ネズミみたいなやつあんじゃん、フォレット、違う、なんだっけ?ネズミのようなふわふわのイタチみたいなやつ。,応答なし
うんー。てつとかさー。本も読まないとかいう人とかね。,応答なし
うん、ん、ん、ん、ん。,応答なし
つるつるするやろ。,え、何?じゃあーって感じでさ
うーん、わかる、わかる。うーん。,応答なし
英語は強いよとか思って。,応答なし
うん、そういうときって私、なんか家族とかにあげるとか言う、、そうそう、うん。,応答なし
は?,うん。なんかちょっと、そのーもやっぱりねえし
便利さと俗化はほとんど免れないことでね。ああそうか、やっぱり八ヶ岳の方面になんのね。静けさを求めるには。,応答なし
私が子供の頃は、全くお金をかけなくても遊ぶ。,うん?ま
みんなで集まって。ブイヤベース作って、ケーキとかもあるし。,応答なし
だから。そっか。なんか塾ぐらいだとまだねー、割り切れるでしょう。塾って、別に技術の問題だから、まあ、ポイントさえ押さえて。,応答なし
あなた、フラン。,うん?何か今の学校ってさ
だから僕も一瞬そう思うたんやけど、住所ってはっきり書いてあるからなー。,応答なし
そうだよー。き、あの、月々がね。,応答なし
なんか、私ね、これから、どっか行こうかと思ってんのー、うん。なんか、行ってみようかと思っちゃった。,でも
うん、インターンをして。,応答なし
ふーん。,うん、おもしろいよねえなあと思ったの
いない。,うん、まあそうなんやわーって感じだけどねえ
留学生の人経済が専門なんだ。,うん、それはわかるーけどさあ日本
なんか慣れた、,ふーん。何が欲しい?
そうね。だから、そのドクターで今、教えている子も、わりとそういう気持ちわかるって言って、その日本側の気持ち。だけど、やっぱりそれを2年、3年の人とかに、2年、3年しか来てない人とかに言うと、わかってもらえないし、反感買うだけやし。,応答なし
暑いから無理?えっ、それはない?,応答なし
だって包丁。,応答なし
旅行は3人くらいがちょうどいいよね。,応答なし
お店開いてから何年たつ?,応答なし
そうだねー。また結構こう漢方の、お医者さんていうのもー、結構なお金がかかるでしょう。,応答なし
今、定員何名ですか、D大のその言文は?,応答なし
あーあ、あれか。,そうだなんだもんねえみたいにさ
60ね6年だと思う。それで、まず、大きな大学が日本からそいで、そして来たのが、若い、ちっちゃな女の子だったっていうんで、もっとびっくりしたんだってさ。それでみんなが呼んでくれたの。それでもう1つは、何でわたしが呼ばれたのかっていうもう1つの理由は、もう、かの、彼らは、あのころまだほら日系人の、その、戦争中のことっていうのは、あんまり公,応答なし
うん、わかる、わかる。,応答なし
あっ、しちゃったの。もうそんな年?,応答なし
そうなんよ。で、そう、うちね、お歳暮だけじゃなくって野菜とかもらうのね。すごいのね。農家の人っていっぱい持ってくるじゃん。,応答なし
でもどうなるか、やっぱりわからないから、いずれにしても、もし行くことがあったとしても、すぐになかとか日常的にやっていけるようなぐらいのレベルにはしておかないときついかなー。急に行っても、何もできなくってっていうのは、こないだで懲りたから。,応答なし
おもしろいね。,ほんとだー2さん、すごいよなあと思って
の、アウトレット。,応答なし
それで実家からCへ行ってらしたんですか。,応答なし
あー。浅く広くっていう感じだから。,応答なし
将来の話題って重たいもん。だから考えると疲れる。,応答なし
幼稚園の時のことだから、私が覚えてるだけでその子なんか絶対忘れちゃってるんだろうけど。その子の顔を見れば、そのことしか思い浮かばないよね。,応答なし
目がすっごい大きい。,なん、これ?あれ
えっと映画のテキスト、映画シナリオ使ったものとかを部分的に翻訳させたりしますね。,応答なし
な、いくらで何時間ぐらい。,応答なし
なんか貧血って別に自分にとっては何の症状もないけど、その血液がちょっと少ないっていうデータがあ、あの、調べて、その検診で。ほんでけつえ、その増血剤みたいな薬を、うん、飲んで。そういうときにはレバーとか、ひじきとか。,応答なし
うーうん。て言うか、短いーかったら、置いていった方が、いいような気もするけど、だけど2泊3日以上とかになると、やっぱ預かる人も大変かなと思うし。,応答なし
そういう意味ではそうやね。ちゃんと、守るところは、守る仲間というか、は、守ってて。,応答なし
あー、だから、それじゃ、もうオールモスね。,応答なし
本読んでると、語彙がたくさんあるんだよ。いろんな経験をしてるっていうのがなきゃあんまり俳句は書けないよね。いろんなもの見たりとかね。,そう
いつ?,応答なし
うんうん、んー。受験を考えると、これを取っといた方がいいとかね。,応答なし
さすが虎屋の羊羹だね。むっくりしてて栗もおいしくて。うん。これ冷蔵庫入れておかないと。これっくらいの甘さだと悪くなるね。,応答なし
アメリカ、プラクティカルな国だからね。やっぱり自分の自国のために。なかなかね。,応答なし
車で出かけても駐車がするとこないしねー。,あ、そうなんだってば
そこへ来て、その後ろが、今タマネギが植わってる。タマネギは今、11月に植えて、来年の3月ごろかな、取るのは。,そう
羊羹の残りをあなたにもあげる。,応答なし
何とかっていう、何とかっていうバンドのボーカルだったんだよ。,そうだねえー
うん。今単身赴任で行っててね。たぶん、あと、ま、2〜3年とかいるんだろうけど、ぜひ行ってみたい。,応答なし
ねー。,そうだな、それでおまえは何かをやるときの
あー、行きました、行きました。,へえっ?
ミラノの空港だって、ほんとにお粗末なローカル空港よね。ミラノなんて、かなり大きい市なんだけど。,応答なし
これやったらわかるやろ。,うん?これでいい
何の学会?ジャーナリズム学会?,応答なし
あ、ちょっと最近見てきたんですけども。,応答なし
食べすぎやろ。,応答なし
生きてるよ。,ほんとに?お父さんは
でもいい先生、まあまあ、まあいい先生だったんだよねー。なんか、うん、思えばかなり影響も受けただろうし、それぞれいるんだよね。なんか。小学校で1人、中学校で1人、高校で1人。,応答なし
これ、ねーいいよねー。私はこういう顔好きだよ。美人だというわけじゃないけど。,そう
えー、でも大学でしょ、今?,応答なし
あー、休日出勤するとなあ。,いや別にねえちゃんと
違うの来るかもよ。,応答なし
私もすき焼きはあんまり好きじゃない。生卵とか。,応答なし
うんうん。,応答なし
最近コーヒー飲むんだよね。,そうだよー、わかるけどさあちゃんなん
そう、うん、知り合いなんだけど、そこの、そこはね、高校の先生たちが借りてるのよね。高校の先生とそれからあと、その卒業生たちが。,応答なし
大工で出張にきてて、その時に亡くなったんだけど、中卒で仕事している子なんだけどねー、あっけないなーと思って。,応答なし
車のデザインってー、別にどこも似たり寄ったりじゃんね。,応答なし
うーん?,応答なし
そうそうそうそう。,ねえ、なんかあのーさあ、「マトリック
年齢が分かんない。65かもしれない、ちょっと待って。,応答なし
うん、うん、うん。,応答なし
ぜ、身な、身の回りのもんだけ持ってくるっていうんだよ、何持ってくるんだろうと思う。,応答なし
F130ちゃん?,応答なし
楽だけどね、確かに。Kさんとなんて、1対1だからさ。この間将棋さしてたの、で。そしたら次のクラスの1年生の子が入ってきて、授業ですかとか言って聞いてくるから。,応答なし
足ながー。,うん、そうだねえ?まあでもおうち
変な感じだなあ。え、何これ、これが勉強になるの?や、そりゃ音を。意味ねー。,応答なし
危険だよ。食べちゃうよ。,何にしよう、これ
きついよー。,そりゃ、それもわかるしねえなあなんて
稼ぐようになったし、バス乗ろうと思ってバス乗ってたら、なんとなく、今度は反対に体力が、,応答なし
そう?,応答なし
牛乳は飲まなかったかもしれない、8か月ぐらいから。そのアレルギーが出るかもしれないとか言って。,ミルク
こないだで、びびったもん、だって。,応答なし
うん、思うよ。,そうだよねーとか言ってさあしゃべるとなん
半年違う?,応答なし
お飲み物はー、うーん、紅茶にしょっかな。,応答なし
そうねー。最近でもほんと、外食多くてさー、お金のなくなり方が結構激しくて、だめでー。,応答なし
何ていうの、1年に1000キロしか走らない、乗ってますと言えないような。,応答なし
検定落ちるとやっぱりね。次の一歩出にくいよね。,応答なし
うん。また来年。,応答なし
もう旅行熱冷めた?,応答なし
ん?,なんか、こうねえや。でもおもしろいのは
今も?,応答なし
そんな俺がやるわ。,応答なし
ねえー。食べたい、普通に。,応答なし
会話を文字お越しするのは、大変だわねー。,うん?そうですよ
ほんとほんと、うん、それいつも思う。だから隣の人とかも思わずなんか、えっ、あの人だれって思っちゃう。だから。,応答なし
え、F048はおばあちゃんの沖縄弁をわかる?,応答なし
なご、名古屋市、名古屋市内じゃなかった?,応答なし
ほんとー。上の人、何歳になった?,応答なし
ふーん。よ、曜日によってかな。週末とかだと。,応答なし
うーん。おかしい、それ。,応答なし
Sさんとあなたが仲がいいというのを知ってて、言ったんじゃないの?,応答なし
あれはだれがやってるの?有名な人?,応答なし
んー、ね、何か結構短いですよね、2年間ってね。ほんまに何もしないうちに1年終わってしもてて、うわー。,で
あ、びっくりした。これが回ってる。っていうかさ、こ、この子とかさ、なんかいかにもちょっと恥ずかしがり屋ですって感じのさー、子がなんか応募してるっていうのがね、寂しいな、私は。なんかこういう子いかにも応募してきそう。わっかりやすい。,応答なし
名前、名前がやっぱ花屋敷だもんね。,応答なし
本?隣の本持ってきます。,応答なし
そうそう。見ながら行くという。で、ユニクロも見ながら。車で行っているときは、そう、いつも通ったり、寄って帰ったりしてたんやけど、今はバス、バスも乗っていくから。でも、バスに乗って行くと楽かなやっぱり。車でなんか、,応答なし
うん。,あ、それでーすかってことですか
うん。,応答なし
冷え性になるわよねー。あー。そうですよねー。懐かしいねー。でもオレたちひょうきん族とかも見てたしね、私。,応答なし
なんか今日のさっきのニュースで言ってたけど、アフガニスタンの方の駐在員さん戻りはじめてるんだって。,ね
おばあちゃんは、お茶会に着物着ていったの?,応答なし
うん、いなーい。なんか、あまりにも安すぎるのも、なんかちょっと怖いなーと思ってー。,応答なし
そう?私、似合わないのよね。それ、赤すぎるかなー。,応答なし
Eメールにしとくの。,応答なし
論文の内容的というよりも、ポルトガル語の文のチェックぐらいとかは必要かもしれませんね。,応答なし
でも、あれは送られても困るけどね。,うーんとかなんとか言って
なんかそっちの方になんかこう。カルピスでも。あー。,応答なし
うん。なんかね、ミニクロ、ちっちゃいクロワッサンとかを昨日持って帰ってきて、ちょ、1個だけ食べて、あーもう我慢、我慢、我慢。,応答なし
よしって。,うん、わかる気がするねーとか思っちゃうのよほん
私が乗ってる車はガソリン1300で足りるわよ。,うん、いいじゃん
そうですよ。,あ、それはねー?そういう話
留年するにしても、学費はどっちにしてもいるじゃんねー。,そう
えー、お、なんだろう。結構、それなりに、全部おいしいかも。でもね、決まってるやつーしか、私持ってこないからね、いつも。気に入ったやつしか。うん。,応答なし
どうしましょう。みんな裏切らないかな。,応答なし
安いトラックじゃないよね。,あ、そうかそうなんだーとか思ってみ
うん。,応答なし
大丈夫?,応答なし
サボるんだ。,応答なし
これ、だれが撮ったん?いや、頼んだんやろなあ。,応答なし
私の友達もおもしろい子なんだけどー、やっぱりさ、なんか彼の友達のスピーチ強烈だったじゃーん。,応答なし
まあ、アトランタだったらちょっと田舎だし。危なくないし。,なん
あー。ね、スパゲティ、替えっこしない?,応答なし
そいじゃ、晩飯だけ?,応答なし
違うの?,応答なし
うん。なんか本読んでるからね、よく。うん。Aも向く人と向かない人いるね、仕事内容が。,応答なし
うん、途中まででいいでしょうと、ね。,応答なし
去年、去年はね、パーカーで頑張ったんだよ。,何
4、え、4休み?4、5。9連休じゃない。,応答なし
そんなことを言ってるうちはまだしろうとだっつってんの。,応答なし
うん。,応答なし
あーうんうん、11月の24日に、OB現役が集まるのはもう空けてる。,私
エステに、をー、ちょっと見に行ったことがあって。なんか、体験しませんかーみたいなやつでー。すごい高かったんだ。ここの学費をちょっとエステにつぎ込もうかなって一瞬思ったことがあって。じいちゃんに申し訳ないから、それはちょっとできないなあって。なんかそこで笑ってる、先生が。ね、だって50万ぐらいしてー、学費と一緒でしょう?ちょっとなんか、いいかなー,応答なし
ねえ、うん。いなくなってもな。,そうですよーって言うんで
そうだよねー。でもさあ、うん。お茶を持ってくるとちょっと違うよね。あ、いい匂い。,応答なし
わかんない。,そうだねー、確かにさすがはやっぱ
修論のために、大学で借りて、J大でも本借りて。,応答なし
Z2先生っているでしょう。なにZ2、A3、A3・Z2、奥さんの方。ご存じないですか。昔。,応答なし
もうねえ、うん。,でーすかとか言ったら向こうから寄って
お前。ごめんね、ごめん。まちがえた、ごめんね。,で
カリフォルニアロール以外にも外国の巻きずし、なんかあるね。,応答なし
ここは名古屋だから?,応答なし
偉いでしょう。,応答なし
なんか今、家が忙しくってさ、すごい、事務所が。お母さんが全然家事ができん。私かお姉ちゃん。最近お姉ちゃんがお父さんと大げんかして、うん、めちゃめちゃなけんかをやったんよ。お姉ちゃんすねちゃってさあ、もう家事なんかいっさいやらないって。全部私。くそめんどくさい。,そういう
あのー、常緑樹っていうのは木がやらかいんだよね。,応答なし
他に主力で稼ぐ人が家にいないと、日本語教育の先生なんてできないよね。,じゃ
ああ、そっかー。何かねー、ちょっとずつ嫌なことがあってーあたしさー、韓国で友達少なくて。何か知り合ったのが、あたしが前つき合ってた人の、昔のルームメイトの、彼女だったのね。で、2人は友達どうしで、あたしと知り合って、あたしにその子を紹介したのね。年も近いからとかって言って。でさー、すごいその子が仲よくしようとしてくれてさ、,応答なし
いやーん、1人でやだー。,応答なし
ダイエットしまくり。,私、運動はしませんからーって言ったら絶対や
なんか、うれしいけれども、なんか、メモ、メモしないと。しかもパソコンに打つんじゃ、私の場合はだめらしくて。,応答なし
前は、何か、生協じゃなくって、みずたにフードとか何か、あの、業者さんが持ってきましたよね。,応答なし
こないだそうや、お姉ちゃんとさあ、お母さんと話しとってさあ、うん、まだF024は振りそで着れるんだよねっていう話になって、未婚やから着れるやん。着れるよ、修了式着てこうかって言ったら、七五三になるからやめろって言われた。失礼な。,応答なし
うん。てか、もう人の車に乗った時点ででもさあ、割と覚悟しないとね。,
深く考えてもしょうがない。,ふーん、まあねえさみしいよ
大体、O部とかっておんなじ人が集まったんですけれど、でもそこに、何かね、えーと何とかセンターって今たくさんあるでしょ、理学何とかセンターって。,そうな
あー、そっかー。,うん?まあいいかなって言ってるんだけど
えっ、無理だよ。,応答なし
そうそうそうそうそう。こういうのってね、案外意外な人が受かるからね。,応答なし
アメリカから帰ってこなきゃっていう気はあるんだよね?,応答なし
うん、何?,応答なし
そう、仲間もいる。,そしたらそのー?それ
ねー、紹介してほしいわ。あ、でも、私結構、最近なんか、紹介して、紹介してって言って、いろんな人紹介してもらって、<笑>友達だけが増えてく。,応答なし
関西は薄口しょうゆ使ってるからね。,そうですよ、なんか
それはそれぐらい掛かるんじゃない、人件費からさあ、材料費から、全て。,応答なし
そうそうそう。何、渋滞1キロ先。なんか、浜松の時間がでてないのか?,応答なし
うん。ほなCDとか買うたて言うてるの、どこで買うてるの?,応答なし
えー、でも何かね、そうゆ、あ、知らないけどさー、そんな、着物、には詳しくないけどー、母がそう言ってたよ。,応答なし
「マテリアル・ガール」も歌ってるよ。,応答なし
2個。2、3個。,応答なし
私はわかんないけど。,そうよねー、わかる気もするんだけれどさ
南アフリカ共和国に行ってみたい。,あ、そうなの?やっぱ
もう、もう、わかった。別にいいからって。,そっかーよかったね
怖くないの?,えっ、何。なんでーとか
私が見てたフランスのドラマ、日本でもヒットしたの?,応答なし
あ、あたしも、あれ。,ほんとーにねえさそうだよ
いや、結構パン、おいしんだよねー。,応答なし
してないですね。危ないな。昼休み中かな。,応答なし
なんかね、この前、あのー、マザー・テレサのドキュメンタリーを見て、それを自分でこう台本を作ってー、で、あの、進めて行くっていうの。ありがとうこざいまーす。,応答なし
電車の中で、目を閉じて下を向いて、こうやって、なんか腕を組んでいるとかでしょ。,応答なし
固いっていうか。,応答なし
なんかずっと立ってる方がつらいよね。,あ、はいやだな
大学の授業で。フランス語での口頭練習とか聞く練習とかなかったわけよ。,応答なし
どこが田舎じゃ。,応答なし
無理。,難しいね、あれってさーあほげなのよきっと
うん。,あっ、そうなの?C先生だったかなあ
うん、書く、書く。うん。,応答なし
ばけばけじゃん。パス、ベイビーパス、だから最後に君がぱしっと押して、勝ったー、パンダの勝ちー。,応答なし
ヨガって体に絶対いでしょ。,応答なし
あの先生だから?これはですねって。,応答なし
カレー?,応答なし
知ってる。,応答なし
これ、これさ、縫ってたらー、だからいないときに縫わないとね。F071さんね。型紙作って私も、こう、作る、作って。そしたらうんと何、ご主人と、えーとAちゃんと、あの、C君とママと4枚でしょう。で、Eさんち2枚でしょう。6枚。で、うちが2枚で8枚。で、Dちゃんところがパパとママで、,応答なし
ありがとう。,ほんと?これ、あの人だってわか
すごいね。,あ、それって今度の土曜日か?
住所知らないしね。,応答なし
部屋片づけたから車買ってくれる発想、絶対おかしいもん。,ねー
節約って、どっちがいいとかどっが悪いとかそういうの、ものじゃないからねー。うん。,応答なし
旅行で、延々、おいしいものみつけてたな。,ほんとだよね
ま、あるっちゃー、あるじゃーん。,応答なし
近い、Aまで。,応答なし
うーん。,応答なし
日本人がアメリカで中国をやるっていう。これってなんかやはり、あのー、なんつったらいいのかな、非常に大変ね。要するに競争が。なんか1つ。,応答なし
何頼んだ?普通のミルクだったっけ。,応答なし
C先生は、精神分析嫌いだったね。,でもその子さーなんか
こっちの駐車場には車入らなくってー、上に上がってった方がいいの?すごいねー。,応答なし
ああ、まあなあ。,応答なし
ためなきゃいいんだけどさ。ためないわけにはいかなくて。,応答なし
ここはまずいからー、文字化しないでくださいって?,応答なし
足そんなにまだ冷えてないじゃん、なんか。,うんねー確かにその
帰るとか?,応答なし
だけどわかんないよ、そんな聞いても。きっとね。うーん。だから血の巡りが悪いからしびれるって、あるのかもしれないけどーうーん。,応答なし
うん。かわいそうなカバちゃん。ふーん、うちはゴリラが好きかな。,応答なし
か、千葉?,応答なし
そうだね、確かに。,応答なし
顔はまだ少しは雪焼けしたからちゃうかな。,もうなんかそんなん
桜蔭高校は、クラスをね、文系・理系にすら分けてないんだって。だから、学校の方針としては、広い教養を身につけてに育ってほしいみたいな感じで言ってるらしいんだけど、子どもたちが、なんか自主的に、勉強する雰囲気はあるんですかね。,応答なし
死角に入っとってさあ、で、地下街ってわーってお店並んでるやんか。,そう
モロッコ。,どこ行く?何行ってくるの、今度一緒に
グ、グラッセって言うの?何って言うの?,応答なし
何人ぐらい参加したわけ?,応答なし
関連性理論の集中講義は11月最後、締め切りだったの。,応答なし
あ、そういうのもう、わかっ、わかってるというか。,応答なし
ナッチがさあ、モー娘のナッチがあ、もういいべーとかって、すぐ。言う。,応答なし
終電?,そう、うん。でもねーもうすっごい疲れた
この和紙人形、動きがあっていいよね、これね。,応答なし
映画?,うん。でも、ああいう人いるのかな
うーん。カビとかすごそうだし。,応答なし
えー。え、それ、ウイルス倒したら、メモリまた復活するの?,応答なし
いや、わたしは、うん。,そろばん?
うんうん、で、F049が見ててー結構浮かぶもの?この部屋はこう変えたらきっと変わるとか、そういうのが。,応答なし
ユニットバスって許せる派?,応答なし
鳥羽、またこっちまで行かないかんやん。,あーっと思ったけど
うん。でも朝からやるとね、1000円なんだー。,応答なし
してくれますよ。,応答なし
絶対これアルバイト料もらえない。,だって、そんなにお金がないんだもん
ありがち。,ほんとにすごいなーと思うよねえ、私もやっぱ
うん、そっか。,応答なし
赤いかな。どうしよう。無臭だよね。,応答なし
でも、何かイギリス人は子どもも紅茶を飲むのかなーとかさ、だったら大丈夫かなとかさ。,そう
ラフランスと生ハムの組み合わせって、変だよね。,応答なし
そら、安いのはマウンテンだろうがロードだろうが、そ、それなりの。,そう
ああー。べつにそんな、いいパーツが入ってるわけじゃないけど、やっぱりブレーキには、ブレーキはいいパーツ使っ。,応答なし
そっかー。じゃ、友だち呼んで、お鍋パーティすればいい。,応答なし
なんで?,応答なし
抜かれた。あっさり。,応答なし
うーん。,あ、それいいなと思ったんだけどねえ、「es
酒飲んでるかー。うん。え、J君ってさ、2年の予定で行ったの?それとも、別に予定はなかったのかな。,応答なし
フランスでいろんなところぐるぐるしたことおぼえてる。,応答なし
日本人だってね。,応答なし
あげる。,でさ、なんかもうその日は
わかんない。日本史だったけど。,うん、たぶんその人すごいお
いやいや。,うん、なんかそういう感じの人なんだっていう
日本語教育の現場って、普通は新卒は採らないじゃない、経験者じゃないと。東京では新卒でも、履歴書出すと結構採ってもらえたりするとかっていって、もちろん非常勤なんだけど。,応答なし
営業とかよりはね。営業やるんだったら広報やってみたいなと思うけど、やっぱり。,応答なし
そうですね。,応答なし
あーっていう感じ?。,応答なし
ちょっと、っていうか、微妙だよね、この「KISSOFLIFE」と「PointofNoReturn」とこの「情熱」の割合。で、これ16曲ぐらい入れてんの。最後のw−inds連続して入ってー。,応答なし
なんで、自分でかければいい話やん。,応答なし
。うん。それしかわからない。自分がほら、行く場所しかわからない。,い
Nと?,応答なし
してから。,だから、私もそう思ってたんですけどねえーと思ってま
だめだよー。,でも、それぐらいやった方がいいと思うよねえ
絵葉書教室って、若い人も来とるの?おじさん、おばさんばっかり?,応答なし
うん。結構重いよね、あの着物。帯とか。,応答なし
軽そうなのに。,まあね、私もそうだけどさーお
わかるけど。,だから、そのさんはそういうのができないとかっていうこともある
今9時20分。,うん、ほんとに早いよねー君はさ
そうそうそう、んで、おばかだしね。,応答なし
どこ?,応答なし
もう飽きた?すき家ならあるけど。,応答なし
あたし、砂肝が好き。,そうかあーと思っちゃうよねえ
実は婿入りだと思うんだけど。ほんとのカバもそのとき見にいったけど、なんか、どこ吹く風って感じで、何してんだろう、座ってたけど。,応答なし
すっごくいっぱいあるね。うん。すごくいっぱいあるよ。うん。古いのいっぱいありそうだよね。あそこね。,応答なし
うん。でもね、彼の仕事の都合で全然うん。動く可能性は高い。10、11、12ってすごい忙しい時期だから。そこで結婚式やると、会社の人にも大変迷惑をかけるので。,そう
ここは前の昔の、昔のうちとはまた違うとこなの?それも。,応答なし
あ、そやったっけ?,応答なし
うん、うん、よくわかんないけど。,でも私ねーやっぱり
わたしはさー、学部卒業って言っても、まだ学業は続くんだったじゃん。,そうな
ハロウィンはカンパリスプモーニちゃんやるからー、仮装、年末のときはチンザンレモネードにしようかな。,応答なし
うーん。,私も何かお酒飲んで、もう飲まないよって言って
先生が変わってたとか。,応答なし
それはほら、持ってくからさ、あの韓国の女の子にも着せてあげて。,応答なし
うんうん。,そっかー、そうですか?それはね
ありますよ。,あ、ほんとですか?今度行く
1番か、エッセンスバターか、トマトソースか。,え
ああ、そう。,ふーんってなるかもしんないけどねえ
ソリティア裏技とか書いてあるし。,応答なし
粉がふくわけですか。,応答なし
データなしで書くか。大学とかで取ってもしょうがないし。,応答なし
何回でも願いがかなう棒とか。,あ、それはありかもねー
でしょう?,あ、そう。Cさんとってるんじゃ
だれが大葉嫌いなんだっけ。,応答なし
ガーン。マジで?,応答なし
うん。変わってるね。え、ベストフレンドにそんな、嫌な話言うかー?,応答なし
だれの帽子?帽子が1つ。,応答なし
うん、でも楽だよ。,応答なし
働きながら勉強するってこと?,応答なし
何が?,応答なし
両方あると思う。,応答なし
あー、気持ち悪い。,でもさすがにねえ2人とも結
えっ、きれいですかー。,応答なし
キムチ鍋ってチゲなべってことでしょう。,応答なし
そうなんだ。え、じゃあ、専業主婦願望もあるのかなー。そういうわけではない?,応答なし
すごい顔がタイプな人がいたけど、女の子慣れしすぎてて、これじゃないと思って。,応答なし
違う。,応答なし
Cと、Mさんなんでしょう。,応答なし
エコール・ド・なんとかってあるねー。,応答なし
なんかさ、大みそかにオールナイト行きたいねー。,応答なし
そ、そ、そ、そ、そう。うん。,応答なし
どういうとこに気を遣ってるんですか?,応答なし
あ、あれじゃない?季節だ、季節。冬?,応答なし
年末、十日ぐらい行ってたから。んで、ま、それ行くにあたっては、Oの方から、いやほとほと自分もこんなことになると思ってなかったんでー、悪いけど、何か頭を下げられたっていうとこがあるのね。,応答なし
うんうん。うんうんうん。でもあれは半分ビジネストリップのつきそいで。,応答なし
留学時代行ってた大学自体は寮から、めちゃめちゃ遠いかった。,応答なし
E短。E。あっ、いいわ。,うんそうだねーきっとわかる
もうわかんないでしょう。はんでとべしってなんだろうと思うでしょう、これ。,応答なし
そろそろですね。結構早いですね。,応答なし
何、68とか?まじどんぴしゃ?当たった。68かあ。あれ、大学時代って65とかだったっけ?,応答なし
あ、そうだ、つきみ野とか、あとなんだ、つくし野とか。,応答なし
ええっと、今まで行ったのはー、えーとー。タイとー、マレーシアとー。,応答なし
ブイヤベースね、ほんと凝ったっていうか、1回食べて感激した。,そう
でも、そうか、そういうのってあったのか。,応答なし
あとで聞いてみる?,応答なし
。日本語教育で話してもね、そういう関連性理論とかやってる人、ほとんどいませんからね。,応答なし
台湾だったと思います、中国に語学留学行ったときは。,へえーっていう感じで
なんかマウス使って書いたりするやつ。,そうだよねー、でもさっき
5時間て、2人で2500円にしかならんじゃん。違うよ、1人だよ。,応答なし
くしもんは出てこんかったしさー、少ないのにさー、1人5000円たっけーなーと思ってさー、でもなんかあすこ飲み物がいっぱい出てきてー、ビールとか、なんかウーロン茶とかさー。ウーロン茶頼むとボトルごと出てくるの。,応答なし
それ、280円ぐらいじゃない。,応答なし
押さえとこっか?,応答なし
報奨金がつくし。,応答なし
神奈川、横浜なんですけど。,応答なし
うーん。でもやっぱ言えないよね。,もう、その辺の
そうそうそうそうそうそうそうそうそう。,なんで?
でもあったら食べるかもしれない。,あったっけねー?だ
え?あれちゃう。あれは、ママが何かだれやらにもろたてゆうて持ってきはったやつやで。デンドロのようなもんやて。,応答なし
すごく動物が好きなのね、うちのおい。で、コイがいるもんだからさー、コイにえさあげたり、ハトにえさあげたりするのが、すごい好きでさー。3日連続とかでさーコイにえさやりをするからね、親の方としては飽きるとかって言ってた。,応答なし
パチスロの台選べないとやなのよ。人がどいたとこ座るの嫌なんだよ。今日やめときゃよかったんだよ、もう。,応答なし
っていうか、あれはどうよ。,応答なし
ハリー・ポッターはいいけど、ほら、え、ポッターでしょ。ロンでしょ。ハーマオイニーでしょ。,応答なし
疲れるー。,だって、それさあ何時に終わるか分かんない
そうですか。,応答なし
1000円と1300のご飯があって、1300円出せば、結構な内容が食べれるってなったらわたしは1300円を選んじゃうのね、いつも。で、Bちゃんはいつも1000円の方を選ぶ感じなわけよ。,応答なし
おかずにならんもん。おかずちゃうから。,応答なし
抵抗あるわねえ。,うん、それはそれでいいじゃんとか思うけど
私もそこまではよく覚えてない。やった。,ほんとにー、すごい
何人来たの?穂積町でやるんだ。,応答なし
無理。,応答なし
自転車乗るの怖いんですね。,どうしましょう?
なんだよ。,応答なし
何が。,応答なし
今日買うよ。,応答なし
うちのTさんが、どうやって予稿集作っていいかわからないから、前のを見せてくれって言われたんですね。,そう
何人よ。,応答なし
そうそうそうそうそうそうそう、そうやと思う。そうじゃね、たぶん。厳しいこと言われとるなー。,応答なし
ねー?ゴマだねー。,応答なし
じゃ、Qさんだな。,応答なし
うーんとね。,うん、だから今はやっぱりおもしろ
あー、難しいね。,そうだよなっとか思ったりしてたりしたけど
ちゃ、置いてこんかったり、そんなことがあっていいの。,応答なし
文章力って重要だよー。,応答なし
違う、替えようとしたんやけどー、帰って。やけどさー、なんか私まだ1年5か月やってん、契約してね。それやったら、12か月以上の値段になるんやん。そんで、1年半たってると18か月以上の値段になるんやけどさー、4000円違うんや。あと1か月で待てばさー、4000円安くなるでさー、1か月ぐらい待とうと思って。,応答なし
あんまりね、印象に残らんかも、確かに。,応答なし
せっかく、迷子そうな子供を保護したのに、誘拐とか言われたら困るし、うーん。,そう
えっ、これはどういう、どういうふうに注意をされるの。,応答なし
カフェオレって、ミルク入ってるんじゃない?,応答なし
ふーん。A先生、びっくりしてなかった?せっけんなんて持ってって。,応答なし
こう、何か、あのー、製品の利用許諾書みたいな、読んでたら、その、載ってるんですよ。1回まですべての権利を全部その、譲ることができるってあったんで。,応答なし
日本のお菓子の型でそういうのあんじゃない。落雁か何かの、こうやって上からこうやっておさえんの。パイの皮かなんかこういう風にやるとこれが浮き出てくんじゃないの。,応答なし
ああ、わっからへん。わっからへんって言っちゃだめ?わからない。わからないわ。,応答なし
お花をバックにみんな写真撮っていくんだって。,応答なし
なるほど。あっ、これね、高島屋に売ってたよ。,応答なし
Iちゃんに聞いてみて。,応答なし
そうよね。,応答なし
うん。,応答なし
あとでアルバムにはってたりする。,応答なし
うん、そー、これ。,あっさり系?
そんで?,応答なし
可児駅までだったら、お迎え行ってあげてもいいかなって。,うんそうだ
人間には用事ってものがあるから。うん。いいと思うんだけど。,応答なし
うん。どっちかが、時間的なゆとりとか、合わせられる人だ、うん、合わせることができれば、まだー。私が結構時間的に融通が利くからよかったのかもしれない。。,応答なし
2じゃない。94、3だ。,1つ違うのは
え、フランス語話したいって言ってるのってどっちなの。お母さんか、お父さん。,応答なし
企業で働いてる日本語教える人がいて、その人、知り合いからあなた先生やってるからちょっと来てくれない、お給料出すわっていう話で行ったんだって。,ね
うん。そうだねー。うん、そうだよねー、確かに。どうしてるのかなー。なんか、L君に、なんか、L君の会社の人を、紹介してもらうとかっいって言ってて。うん。で、あれ?友だち連れてくっつったかなー。なんか、4人ぐらいで食事をすることになってるんだとかいって、言ってて、ああ、そうなんだーとか。うーん。,応答なし
なぜだろう。,030ちゃん、どうしたの?って聞くとさー
30分ほど。よし、私は終わったぞ。まとめと訳も終わったぞ。,応答なし
だってさあ、すっごい、すごい3人で折ったんだよ。333羽ね。あーだけ、クラスで折るのはさあ、1人、1人30羽だけど。3人で折ると333。だからね。あー、ここ。はいよ。,応答なし
で、どうしたの?,応答なし
結構。,応答なし
あ、ここだけカーテン。,え?それじゃもういい
シートとか。正月どうしてた?,応答なし
うーん、よく、あっ、お腹がなった。あー、大変。あっ、これはやっとる。,応答なし
そう、そう、そう。普通そこで電車止まったらねえ、帰るじゃないですかー。でも、それでも突き進んでいくぞーっていう。,応答なし
うん。ドコモ。うん。,応答なし
あ、そ、うん、私もあそこの機械使えないから、時間があったらあっち行きますって書いたんだけど。,
うん、あ、利いたじゃん、,あのー?C
前のやつはすいませんね。,あ、そうなんだーすごいですよえって言われ
ありがとうございます。,応答なし
机の、机の色落ちちゃってる。,応答なし
遊べはするけどー、旅行できない友達っているよね。,あそこにいた
だってあの雨の中で待つシーンとかさ。,応答なし
バーム、飲もうかな。,ああいうのって
でもさ、何か、太ってるからかなー、何か。,あっちの方が
英語とかだったらよけいにね。,応答なし
あー、そういうのがあるんですか。,応答なし
あー。そ、でもねー、いつもさあ、すごい、私とー、同級生の子が、お父さんとずっと仕事でかかわりがあって、あのー、お歳暮を毎年持ってくるようになったんよー。やっぱ若いからさ、感覚若いじゃん。,なん
何用だろうね。えっ、ここのテーブルだけあるんだけど、ちなみに。,応答なし
うん。,へえー、そんなにすごいんですか?
床材が。あんまりいい木じゃなかったんだけど、弱い、何の板、す、杉だっかなんかの木だったから、弱いの。木がやらかいからさ。,応答なし
やってたような気がするな。なんか足を上げてとか。,応答なし
いや、別にいいけど、CってMさんなんでしょう。,応答なし
あ、そうなのかなーとも、まあ思うんだけどー、結構でもさ、薬を飲まないで治す方法ってあるの?もう耐えられなかったよ、F054の場合は。,応答なし
私の旦那、やっぱりほら、尿酸値が高いから、健康診断で出るじゃない。,応答なし
この靴はどんな方、向きや。,応答なし
いっぱい来た。7、6人ぐらい来た。J3人ボーイズが遠足だったのに雨だったから、中止になって来て、ほらって。,応答なし
うん。,なんかねー、ああいうのってね
うん。うるさかったねえ。ほんと激しく迷惑なんだよね。でもVでさあ、ときどきさあ、あれ見ない?孫悟空の書いてあるやつ。ドラゴンボールZんさあ、,応答なし
あー、あ、そうかそうか。なるほど。,まあさすが
F071さん、今、靴さわったからウエットティッシュで。靴ふい、じゃあ手ふいていって、消毒しちゃった。ねえ。,なん
はー。そう、ジョージアもブルーマウンテンはおいしいの。でもな、最近出たな、ヘーゼルナッツアンドモカ?,応答なし
速く、絵、描かなあかんやん。,じゃーまた次の機会に
うん。,応答なし
そうだよねー。,は今年、去年までで結構お世話
出身地までプロフィールに書くなら方言しゃべった方がいいの?,応答なし
北海道コロッケ?,んー、札幌に住んでると何かお
すごく心配ネタが多いよね。,なんで?え、
違う違う。そのとおり。そのとおり、いいぞー。いいぞ、田中。いいぞ、田中。,応答なし
ま、書いときます。,応答なし
まあね。,うん、それはそれでいいんだけどさー033
うん、寄付、だってそれで。,応答なし
H大学かー。うん、全く、どこの人のつもりで言ってんのかなとか思っちゃった。,応答なし
ばかかお前、ふざけんなこのやろう。,応答なし
うん、いるからって。いつまでですかーって言ったら10日までって言ってから、あのー、チケットが取れなかったんですって申し訳なさそーに、取れなかったんですがって言ってたけど。,応答なし
ほんと、まともに就職してるの2人ぐらいだからな、A君の友達。,応答なし
あーそう。,うん、さんも言ってたけどさっきはそういうこと
すっごい汚い、めちゃめちゃ汚いよねー。,応答なし
公家言葉。,わかるよねえ、でもそのころはーほんとにさあ
。そうじゃなくて、F106もその人なら好きなんだけど、もう1人は不細工だと思うんだって。,応答なし
ね、うん。今年はよかったですけどね。ね、うん。うーん。時間を守らなきゃいけないから疲れるよね。あの、何にも立ってるだけなんだけど、それがよけいつらいのよね。で、本読みはじめると今度はそっちに気を取られて忘れっちゃうでしょ、で、困るでしょ。,応答なし
でもね、犬とか飼ったらご主人とかすっごい喜ぶと思うわね。,応答なし
あなた今週忙しいだろうけど、今週は頑張って。でもあしたで終わりじゃん、今週も。,そう
ザギンでパリカン飲むみたいなもんよ。,ほんとねえ、あれだわ
あー、合同で?,応答なし
かなー。,はい、ありがとうございました!これいいですねって言って
ああ、それしかねえや。そんなスーツケースごろごろ転がしていくわけねえじゃん。,そう
掃除で手は使うけど足はあんまり動いてないから運動にはならない。ことに雪が降っちゃうとえらいこってね。,応答なし
この間ベビーシッターしたの。,あ、そうですかー?それは
うーん。とか昔は何か、おしりがたれてる人がやだったかも。,応答なし
ああ、そうなんだ。,あっそうかーと思ってさねえって言ったら
しかもその次がさー、「情熱」なのんだって、Kinkiの。,応答なし
もう、何か、締め切り終わったんですか。,応答なし
うん。,あ、そうなの?じゃなかったらよかったんです
ステンドガラスってどうやって作るの。今、みんな、カルチャーセンターで作ってるじゃない。,応答なし
えらく汚くなってしまいました。,うん、でもそれはそれでねーさ
やられたー。うわ、かぼちゃが怖いな。,応答なし
みんな。,応答なし
トラックで取りにいって真っ黒んなって帰ってきたよ。,うん、そうだね
そうなん。,でも、まあまあねーっていう感じだけどなあって
超変な顔してそうや、でも。,うん?すごいいいねーって言う
生春巻きなんて作るんだ、すごいね。,応答なし
えー、抗生物質ともう1つは何やったかな。消炎剤。,応答なし
わたし一度すごい困ったのはさ、なんかのプロジェクトのときに、向こうがお金もらってるっていうのわたし全然知らなかったわけ。で、向こうはそのまんまその笹川のお金で続けるつもりだったらしいんだけども、向こうからSOSが入ってきてさ、なにかと思ったら、今年もお金もらえると思ったら、急きょ、もし今年もらうんであれば、東京サイドからアプライしてほしいって言ってきたっていうのね。,応答なし
イチローはずーっと努力を続けてきたかいがあって活躍できたのね。,応答なし
うんうんうん。入ってー、で、えーとー回ると、裏に回ると。うん。右手に行って、で、そうすると。それで。,応答なし
保健所であるとこもあんのかな。でも、保健所でやりますっていう通知は別にもらわなかったけど。,応答なし
うん。,応答なし
研究のテーマ、いろいろ広げてもまだ処理しきれないから、ある程度絞りながらやらないと、今やばいです。修論、どれしようってことになるし。,でも
へー。じゃ関西に遊びにいったら会えるじゃん?,応答なし
どうだろう、もう。はある。,へえーと思ってね?でもなんか
出てたよ、しかも1回に。,応答なし
うん。,応答なし
また一から、作り直さないといけなかったりするの。,ねーすごいよなあ
あの人、子供に対して熱心つーか、すごい厳しい。,応答なし
ミカン?,応答なし
笑えることない?,いいな、それ。なんかちょっとかわいそうだ
あのー、あれでしょう、あのー、,応答なし
キルフェボンはなんて天気がいいんだろうねっていう、そういう意味、のはず。,応答なし
うん。ないかなあ。,応答なし
あ、持ってるんだ。,応答なし
よく聞かないからわかんない。私ほんとね、ニュージーランドにねえ、オーストラリア行ってから、日本のやつについて行けなくなった。,応答なし
じゃあ、結構いいかもね。これも一応借りてきたんだれどさー。あんまり。なんかAに怒られそうな気がするわ。,応答なし
うん。凡人社だったっけ。,応答なし
丸4日間、関連性理論の集中講義をしてで5日目に、今度は若手によるワークショップやるのね。,そう
ありがとね。,ううん、何?えっとさ
うん、見てない。,あーやっぱりねえちゃんが一番かわ
板門店って何、よくわからん。,応答なし
わたしは知らないよ。,応答なし
へえー。サイズは?,応答なし
どうやって病院まで行けってわけ、猫、抱えてこいっていうわけ?,応答なし
そう。,うん、なんかもうーまあこうやってるけどねえって
ツバキの木があるのよね。で、ツバキのとこにチャドクガがあって。チャドクガってツバキの葉の裏に茶色く毛がピシーッて来るのよ。で、近くにこう目を近づけると、もう飛んでくるのよ、毛が。,応答なし
東京は、すごい求人はいっぱいあって、と聞いてきたよ、同僚から。,応答なし
うんうんうんうん。そうだねー。うーん。結構大変だよね。最近はBもね。膀胱炎になったっていうでしょう。ほんで、前もF054もなったでしょう。でも、F054の場合はー、薬局で働いててー、ずっと立っててー、自由にトイレに、行けないってのもあったしー、あと結構寒かったからー、たくさん着たよね。着てから仕事をするようにしたら治った,応答なし
三角すいと。,え、これでいいのかなー
結局あったんですか。,応答なし
まじめで地道な努力をこつこつとか、頑張り屋だって。,応答なし
いやらしいわ。,うん、わかるーっていうかそんなのでよかったんだ
めちゃくちゃ孤立してる。,いや、でも何かあのーも
バイパスねー、戻ってくるとき富士山見える。全然ね、運転席からは見えない。,応答なし
カマキリ。,あ、そうなの?今から行こう
あ、ごめん、ごめん。,あっそうかーとか言ってさっきの
私実習だけのつもり、だったんだけどー、じっしゅ、そのー統計の授業と、は取ろっかな。統計とあと情報処理?,応答なし
うんと、待ってね。,応答なし
うん、持ってるのに並ぶんだろうね、わからん。,応答なし
昨日か何か、「あるある大辞典」で亜鉛が大事とかっていうのをやってたんだね。見なかった?,応答なし
うん。だったら、だってそんなさ、すごいだから4時、4時なんだよー。それで、ちゃんと行ける人に頼んでよーって感じ。い、ここまでとかだけだってさー、たぶん、1番か2番ぐらいに遠いと思うのね。通勤時間みたいなのは。で、早く終わったって時間かかるのにさ、何であたしがやんなきゃいけないのーみたいな気持ち。,私
うん、なんていうんだっけ、あれ。,応答なし
そうそう。うちも今年、町内会もあってさー。だからー、何か、Bがねー、年中さんとか年長さんのときだったら、あたしはすごいベストなんだけどー。もし、だから、折れてもー、す、来年度みたいなのだったらー、しょうがないから引き受けるけど。今年は絶対に嫌だ。,応答なし
何人?,応答なし
今、彼女、別科が始まったもんだから、コースの主任やらされてんですよ。,応答なし
近ごろの若者はほんのりって言葉をよく使うんだよ。,応答なし
そうー、そう、なんかだれ、だれだっけな、Oがさ、あの人恋したよねとか言って。,応答なし
もううんざりするけど。,うーん、そうかもねえなあ
もう11月の末に締め切ったのはその若手のワークショップのほう。,ほんと、すごい
今度の集まりで、初めて、Bちゃんと遊べるからうれしいよね。,は
お金だしさー。えー、っていう。,応答なし
トランプソリティア。なんかソリティアってトランプだけじゃないんだね。,応答なし
うーん、でも何かちょっと。そうね、何か最近ずっとああいう本読んでなかったから。,応答なし
あっ、ほんと?,応答なし
混んでるっていうのが微妙なんだよね。すごい。あーあ。,応答なし
あ、それでもいいわね。,応答なし
最近覚えたのは、あのー,あめ玉。これどこの
ええ、あそこには入ってなかったので。じゃあ、私もバラバラに。,で
ハロウィンパーティーの衣装で頭の上にこうカンパリスプモーニのピンクつけてー、こうやって縛ってーてやろうと思っているの。,応答なし
うーん、そうそうそうそうそう。1人でいて抜けるもんじゃなかったりするからさー、かわいそうだなと思って。,応答なし
へえ、そんなことあるんだ。,応答なし
あ、そうそうだからあれを作ってくれるんだよ、きっと。カリフォルニアロールを作ってくれるんだよ。だからアボガドと、マグロは必須って書いてあったから。,応答なし
あっ、だめだもうー。,でもねえ?なんかそういうときにさ
そう。,まあ、いいよーとか言っておきながらさもしょうがね
あ、40名、みんな。,60人?30人は
うんうんうん。うーん出身,応答なし
すごいおいしかったよ、ブイヤベースって。ほんとに。上手にできたら。,応答なし
院は2年だよ。来,応答なし
家にいた。,応答なし
あの生徒、中国語、韓国語やって、今、ベトナム語やってますもの。,応答なし
2人とも結婚してんだね、営業部って。,応答なし
赤とか緑のー。,あ、そうなのかな?あの
ああ、あらかじめ、授業内容を、生徒に知らせて、準備してもらうって言うのはいいかもね。,そう
そっちの方が寒いよね。かわいそうだよ。おしり冷えたらね、ちょっとね、冷え性やね。かかととかね。,応答なし
R3さんもこっち来てるし。,そうですよね、私もその感じ
こうやって入っててね、ジュースが、おいしそーな100%のジュースとー、紅茶と、ジャム、ちょっと高級そうなジャムとー、なんかお菓子が、クッキーがこう入ったやつで、すごいおしゃれな。,応答なし
わたしいいかげんなときはすっごいいいかげんな生活だった。どーしようもない食生活とかしてたときあったね。,応答なし
うん。昨日ね、しゅ、あのー、研修、受けにいったの。,応答なし
でもねー、やっぱり両方やらないと。,あのときもあのときは
これもう消してもええ写真や、ほんまは。,応答なし
何、月給?,応答なし
あ、そうなんだ。,うんそっかーって感じでちゃんがさっ
飲み放題にすると、値段が一定になるから安全なことは安全ですけど。,でも
あー。,応答なし
大変なことやったね。,うん、そうだなーとか思ってるとこもあった
何か将来を考え出すと本当にブルーになってしまう。,やっぱり、自分の夢をかな
うん、いい。あっ、それで。ありがとうございます。人ん家に来て、充電するのは。,応答なし
大学と、自分のうちのなんて、ん、3XXXはあんまりまちがえないんだけど、一番まちがえんじゃない?3XXXだとか、XXだったか。,応答なし
というのがあったけど、私はね、音声訳をやっている人に、あのー、見本を見せてもらったんだけどー、読み聞かせとはまたちょっと違うんだろうけどー、うーん、なんだろう。実際、私たちの前で読み聞かせをやってもらったわけじゃないけどー、たぶんね、ページのめくり方とかリズムの組み方とかー、あとー、まあ、こんなのは典型的なんだけどー、えーっと、今はだれがしゃべ,応答なし
確かにバイト終わってから、これはやる気になれんね。,うんそう思うよー
L2先生はどこかの大学から引っ張られてでもこっちの大学にも引っ張られてきたみたいですよ。,応答なし
今回の飲み会は先生がかなり来てくれたということですよね。,何
たら、コロックだよねえ。,応答なし
俺見てないねん、ちゃんと。,応答なし
ほんと。なんのこっちゃ。,応答なし
学校から寮まで歩いて帰らんと行けなかったことが多かった。,だから私、大学
そのー、何が?フランスでの語学研修?,応答なし
触んなよ、そんなとこに。,応答なし
えー、でもそれはいけないでしょう。,応答なし
時給900円。,で、そのあとはもう1つなんかあるんだ
そうなんだー。,そ、でもなんかあの人たちもさあみんなすごいね
うーん。こういうのって別にさ、聞かれないよね、先生には、そうよねー。このまま渡されるよね、きっと。うん。,応答なし
たぶん、あーでも、10時半に終わったころは降っとったんで。うん。おあなも、何、川名駅とー、A大のちょうど中間ぐらいに住んどるんですけどね。,応答なし
めちゃめちゃいいね。,え、ほんと?なん
うん。俺も思って。ベクトルとかさ。それはえんかいわだろうとか。文系でもいきなりわかる何だらこんだら。,応答なし
大ハーツ大会をしよう。だってそのためにXさん帰ってくんだもん。,応答なし
それでおしまいと。,あーでも、あたしほんとはもっといろ色ん
あー、なるほどね。,応答なし
でー、そのー、うん、練習をしてからこの発声を。あいうえ、あ、え、い、う、え、お、あ、お。,応答なし
うーん、うちのおやじかCっぺかJか、あ、Jだめだな、休みねえからなあ。,応答なし
わたしと向こうの人の中間地点で会った、うん。,応答なし
派遣のバイトだと、1日限りのなんと、なんだろう。ウェートレスみたいなのとかはよくどうですかって紹介されます。,応答なし
うん、だんだん。,応答なし
家賃いくら?,応答なし
わたし、歳はSさんと同じぐらいかなあ。65か6か。,応答なし
きりないよ、あと3年間ぐらいもつかもよ。,036さん
フランス語、独学で学ぶのは挫折したんだ。,うん?なんかそんな感じが
私、大学1年のころの体重と今の体重とね、ゆうに10キロ違うよ。ほんとに。,応答なし
外資系企業に勤めたい。セレブな生活は夢だから。,応答なし
ちょっと日本語しゃべれるくらいなんだ。,応答なし
めちゃくちゃー、だるくなーいってか、そう、そういうことそういうこと。そういうことよ。なんとか、こっせーんって言ったら、なんとかじゃーなーいっていうんだよ。,応答なし
あー。,応答なし
で、その資格をもらって、まあ、あの、それはA先生が、その研究担当の1人だったから、あ、じゃあ、その関係で入ってもいいって言われて。で、まあ、それは。,応答なし
とりあえず入学祝いぐらいは買ってもらおうかなと。,応答なし
車買いかえるときに思ったけど、、これが欲しいって車ってないじゃんねー。,車で
あ、もうオッケーだ。全然オッケーです。,応答なし
おっきいのをね。うん。,へー、ほんとに?すごいおも
はい。ろく。,あっ、そうだったの?ほん
うん。1空間何秒とかあるの?,応答なし
うんうん、どんどん年齢不詳になっていくんだろうなと思う。,ねーでもさ
ひどい、ひどすぎるー。,すごい大変だわさあとかって思っちゃ
普段ぐうたらぐうたらしてるから、洗い物やって。,応答なし
現住所での居住期間。3年しかいないのかな。3年しかいないのかー。,応答なし
えっ、何だっけ。敷金と礼金を最初に払って、敷金だけ返ってくるんだっけ。敷金、でも全部返ってこないよね。,応答なし
でしょう?,応答なし
すばらしいー。すごいですねー。,応答なし
今、水銀とまちがえた。,応答なし
あ、そうなの?,応答なし
汚ねー。うん?,応答なし
彼氏が院ははなからやる気ないとか言って。別にやりたい仕事でもないしみたいこと言い出したんで。もう25なのに。いつまで経っても何かなーとか思って。,あと
でもさ、例えばポリッジみたいなとかさ、オートミール、かゆみたいにするとかさー。知らないけど。,応答なし
浜松に、あるみたいね、砂丘がね。,うん?それもあるよーとか
えー。,なんか、そういうふうでさあ?
有利ですよね。へえー。ああ、語学留学でもOKなんですね、それ。,応答なし
あ、いいよいいよ。,うん?これ何なんだ
終わりにする?,応答なし
西武でしたっけ。前何か解説してたことあったんですね。やっぱり元選手だけあ、あっ、うん、選手だったせいか、うまかったですねえ。あの一番で球を受けるのやってるでしょう。何か楽しそうにやってて、するとみんなほかのチームメートが真似するんだけど全然うまくいかなくて頭に当たったり、背中に当たったり、どっかあさっての方行っちゃったりして。,応答なし
20日焼いたら24日クッキーだから大丈夫よね。,応答なし
若者っぽい言葉?,応答なし
来た来た。,応答なし
どうなんだろう。,え?何、どういうことよーっ
だめだった。,なんかやっぱり、そうするとちょっともう何かすごいお
あなたが運転した後だったわけだし寝てもなんとも思わないよ。,応答なし
え、なに、今の音。,応答なし
うん、リップ・スライム、とー。,応答なし
。,あー、それでねえ2人で行ってよかったなと思うんだけどさ
うん。大きさは一緒かなー。えー、でもなんかすごく洋物になった感じでー、前はあのおせんべ屋さんのー、その1個1個取るのがー、すごい、と、うん、三越の特色かなーって思ってたしー。まあ、お父さんも大好きでしょ、あれが。,応答なし
じゃ、Jちゃんちへ行った人たちはみんなすごく驚いてた。駅で、Jさんち行ってくださいって言ったら、行けるらしい。もちろん、H、H宅だけどね。,そう
京阪に乗ってるおじさんはダラーって座ってるし、席と席の間も詰めないし。,応答なし
ま、それでもいいかもしれないけどね。,うんーんとだめですよな
え、姉ちゃん、聞くの?,応答なし
だから。,応答なし
あー。,でも、だからさその本にはなんかあの人たちって書いてあった
油あるでしょ。廃油をもうそのまんま入れるのと、それとその特殊なその会社?そういう燃料系の会社に、あのー交換してもらって。,応答なし
うん。9か月ってどんな感じ。うちが今3か月でしょう。,応答なし
これはね、高2んときのなんだ。,応答なし
試験内容また作り直さなければいけないの。,あれはね、なんかもう
で、それで無痛分娩を選ぶって言って。でも、無痛分娩っていうのは、ぜ、お、赤ちゃんにとって全然よくない。よくないっていうより、赤ちゃんにとっては自然分娩の状態で生まれてくることになって。ただ、自然分娩だけど、親がその自然の陣痛っていうか、陣痛っていうか、その最後のふんばるときの痛みがないっていう感じない、麻酔してるから。,応答なし
メジャーリーグが終わっちゃってつまんなくなっちゃったわ。,応答なし
うん、もう、何かね、何があってもとにかく。,うーんって言う
あたしも留学して帰ってきて、いくつやねん。26、26になんのかなーとか考えると。,応答なし
東京大学付属高校って双子の研究っていうのを、ずーっと長年やってるんだって。,応答なし
行ってないよ。はっきり言って。,だから、その日は1限があるから朝
お金が欲しかったの?,応答なし
うん。,応答なし
私さー、TOEICさー、次受けようと思ってて、1月のー。勉強しようー、しようー、しようーとは思ってんだけど、なかなか時間がないんだよね。,応答なし
あっ、そうなんや。,応答なし
今は暇人なんです。,うん、それはないんじゃないかなーと思うけどさ
あーなるほどね。,うん、確かにいいよって言われればそうだ
ほんとにいなんだって、みんな就職すんだって。だから、あ、そうなんだーと思って。ま、就職口がそれだけあるってことなのかもしれないけど。でもマスコミにはちょっとびっくりしちゃった。,応答なし
生協にまとめて新幹線のチケットって売ってあったっけ?,応答なし
あ、そうだね。違うとこに、だもんね。,応答なし
それでね、あの、でもね、あの、今回は無事だったねって言ってね、それで、でもあのー、学校の先生がいつもね、遠足はね、家に着くまでが遠足ですよって言ってたよねとか言いながら帰ってきて、それで、本山から家までタクシーに乗って、タクシーに,応答なし
のど渇いた。じゃあ、温かいのが欲しい。,あたしも
ええ、で、その不衛生だっていうので、その住民を全員どこかに移動させて、今、無人なんですよね、その町が。で、それが最近見直されて世界遺産になって、町全体が。観光地化、一応されてるんですけど。で、そこ行こうとしたんですね。そしたらそれもね、私鉄が1本行ってるんですよ。で、1時間に1本ぐらいあるのかな。で、乗って、乗った,応答なし
うん。ほなやっぱり全然フラッシュ届いてないな。これがストーンマウンテンやね。,応答なし
理科・社会じゃなかったでしょ。,応答なし
ねえ。そんなこと言っても全然だめだったら、できないしね、そんな、やり方だと。,そう
確かに、いいねー。,ちゃんはやっぱりすごいよなあと思って
やってないのと同じぐらいだもん。,応答なし
子どもって、そんなに、かわいいかったけど、そんなに好きじゃなかったけど、もうなんか、別格だよね。全然違うよね。でもこんなにかわいいと思わんかったもん、私。,応答なし
うん、何かこういう建物って何か小学校んとき思い、小学、中学とか、思い出す感じで、なつかしいのはなつかしいですけどね。,応答なし
それはたぶんお母さん、だから。,応答なし
うん?うん。わたしなーんかあんまパンな気分じゃないんだって。ちょっとだけ。うん。,応答なし
確かに何か、家の、あの、家賃がすごい高いよね。,応答なし
家にピアノ一応あるけど、邪魔にされてる。,じゃあ今週中にお
すごいなー。,そうだね、結構そういうのがおもしろいよ
郡の橋の。うん、その訳をした人。その次のさ、スロー・ワルツの川っていうのも読んだんだけど、それもね、好きだったの。たぶんなんか訳者の訳し方が私に合ってたんだと思うけどー。,応答なし
な、戻って。あの、どこかで戻ってくださーいーな。,応答なし
ふーん。,ま、いいかとは思ってるけどねえ03
うーん、,応答なし
ヨーロッパで日傘なんて差してる人いないもんね。,応答なし
でもまあね。うん。,いや、私もそう思うんだけどー
いや、Kさんとか、よく取れるねえ。とか。,応答なし
ううん、もう、もう行くわ。私、まだ、うん。まだ仕事残してきているから。,応答なし
そうー。あと、なんかどうしようもない授業とかでさ、これでいくらをむだにしてんだろうって思わない?あのイギリス文学史とかはかなりむだじゃないかなって思うんだけど、私。,応答なし
へー。何、それー。変わってるね。,応答なし
だよねー。全然。,あ、そっかそうかも知らんけど
うん。,応答なし
出ないでしょう。,応答なし
でもさ、あれでしょ?そういうのって。,応答なし
そうそう。そんな大きいのは送られたことないけどー。,うん、わかる気が
バイトで資料作成って大変そう。,うん、だから1限の3コマは
そうー、私、154だよ、みたいな。,応答なし
うん。普通ちゃうの?,応答なし
うん。そうだね。なんかでも、うん、そうかそうか。,
どーしよう。これ、何?ストロベリー・ヨーグルトだって。ふん、さわやか系、これ。,応答なし
槇原がさあ、週刊誌でたじゃない。,応答なし
やっぱ、本を読んだりしてた積み重ねがあるから俳句考えられるんだよね。,そ
でも、わりと仲いい感じ?うん。そっかー。うーん、なんか、うちの方はねー、なんか、うちね、引っ越したのね、1回ね。住んでたところから20分ぐらいのところに、またなんか今年の春に引っ越してー、だからなんか、近所付きあいとかが全然なくってさー、今。それがちょっとさみしいんだけどー。うん、なんか、前住んで,応答なし
うん。豆腐をおかべって言うからね。,応答なし
私ちょっと外反母趾になってきたのか、えっと右の足のところがちょっと出っ張ってきてるのよ。ストッキングってぴったりしてるから、内側におされてるって感じがしちゃうの。,応答なし
うん、そう、今までね、あの、A学科で働いてたから。,応答なし
あったりまえー。,応答なし
皆わざわざ集まったのってあなたの送別会でー?,応答なし
私はここで、ここで、あのー、何だっけ、あの、団子、何だっけ。,応答なし
そう、だからね。,私も何かあればなんかお友達がいいな
土曜日でしょう。何もないし。,応答なし
私の友達、案外強そうに見えても体弱いんだよねー。,応答なし
何やってんの、その人。,応答なし
なんかさー、マレーシアのパンっておいしかったよね。いけてた。,応答なし
でも、教室は上の方でしょ。違うの?,応答なし
気がついた。,応答なし
英語がうまいんだ。そうなんだ。,何でだろ
あーあ、やだなバイト。,そうだよねえって感じでさ
あれ?,あ、これですか。ふんぎりが
りっぱだけど、うん。隔離されてる感じなの、うん。,で
<笑>だってパンダだもん。,えっ、なん
うーん。やっぱりねー、大きい人がいいよ。,応答なし
あ、あれですよね。,応答なし
それで。,まあね、そうよなーっていうのはあるけどさ
そうだよね。突然なんか、なぐりかかられたら怖いもんね。高校生で体も大きいし。,応答なし
もう、お水もう入れなあかんよ。結構少ないもん。軽かった。,重
読めない、読めない、うん。,あーでもあれは確かにねえ
あ、人口が増えたの。,応答なし
消費税かかんないじゃないですか。それがまたいいですよね。,応答なし
でもねえ、なんか。,あーすごいなと思ったけどそうかなとは思った
なるし。ほんと。,応答なし
なんていいことするん。,応答なし
え、あそこはどうなったんですか、学生課とか、事務方の方は。,応答なし
朝ご飯おごるわ。朝ご飯食べた?,応答なし
うーん。,応答なし
2人を世話してたんだからね、去年は。就職をね、静岡か島田かその辺、その近辺で探して。,応答なし
じゃないのかな。,応答なし
駐車場で迷う。うーん、私は独身だぞ。,あそこ行く
今、26分。,あっそうだっけ?25分に
だからブックカバーにしようかなと思ったわけよ、C君に、ね。,応答なし
うん。たいてい、あの、だから302の側道、まだできてないじゃん。環状2号の側道をダーッと走っていくから、朝。,応答なし
まだ行ってない。,そうだ、でもさーすがにねえもう行
さん、3月だったか、手帳も買わなきゃいけないし。ああ、お風呂入って、あ、お風呂入ろう。入ってからまたやる?ねえ、そうしよう。,応答なし
ねえ。い、言われればわかるけどさ、そんなわざわざ使うほどの言葉じゃないよね。ふうふうするの方がまだ使わない?,応答なし
普通にハンバーグとしておいしいよ。卵も食べたかったら。,そうだね
韓国の方、英語の発音が、本当に発音きれいですよね。,うーんと韓国
お歳暮でもらった高いノリ、いろいろ使いたいのにさー、娘は全部そのまま食うの。パリパリパリパリ。,応答なし
うん。お花屋さんに。,応答なし
今あんの?あっ、そう?,応答なし
マイク。あ、なんかぴくぴくしてるじゃん。,応答なし
図書館ってさ、分館の本とかって借りれるの?,応答なし
とり団子なべ作ってんけど、来ん?って、食う?って。,応答なし
ふーん。そうなんだ。,うん、それはわかるよねえけどさあ
うん。いいなあ。あっ、か、かっこいいよね。,応答なし
イギリス旅行で30万じゃきついんじゃないのってBちゃんに言ったの。で、しかもわたしさー、けちけちにしすぎるのは嫌だしさ。,そう
ああ、「アルマゲドン」。,応答なし
ねー。,そうだと思いますけど、私も何にも考えなくていいですよ
普通にハに点々でいいから。,応答なし
ちょっ、ちょっとやばいよねー。っていうか、Q君はちょっとイメチェンをした方がいいというか。,応答なし
でも部屋なんか一部屋しかいらないのね、絶対に。だからもったいない、とってんの。,応答なし
中国政治学びに中國留学しなきゃいけないけど、手続きが上手くいかなくて、それだけで何年も待つ人もいるぐらいなんだけどね。,応答なし
私あんまり電気製品をね、買ったことがないので。今まで自分で買ったのは、パソコンとか、CDのデッキとかそういうのぐらいで。パソコンはね、我ながら賢と思うい買い方したなって。ヤマダ電機ってあるじゃない。,応答なし
心理学学会で、河合隼雄さん対談したんだったかもしれない。,応答なし
男の、神主さんじゃない?,応答なし
参加すべきだったでしょ、あたしね。もうちょっと早く言ってくれればねえ、出れたのにさあ。,応答なし
あるでしょう。うん。うちの辞典ばかにしないでよ。,さんが
横浜にいるの?1週間。東京も行くか。,応答なし
そんな親に言われるとなんか、もう何もできない。,でもさーそういうのって
そうなのー。,え、できんかったらさあどうするんかなと思って
そうなんだ。マルセイエイズってなあに?,応答なし
ある?,応答なし
ほんと。,応答なし
うん、使うんかな。,応答なし
うーんん、うんうんうん。,応答なし
日本人にとっても似てる。,そっかー、そうなんだねえとかいって感じだよ
授業で何やればいいか、パニクってた頃と比べたらずいぶんなんか、楽な状態じゃない。,応答なし
ところで一応、とにかくクッキーと、えー、クッキーはもう決まっちゃったし、あと、できなかったらできないでもうクッキーだけにして、小物はまた別に、ね。クッキーだけでいんじゃないかしら。とりあえずは、うん。できたらちょっとあの、ほら、材料が、私、靴をね、子どもたちに靴をさあ、と思ったけどなかなか今そのバレーシューズの布製っていうのがないのよ。で、それが,応答なし
自分のカード。,応答なし
の側道か?,応答なし
俺のやりたいパチンコ機種のソフトがプレステ2とかで出るなら買わないけど、出なけりゃ台を買うしかないしょう。,応答なし
えーっ、だってー、えー、行かないと思うよ、別に。うん。わたし、学部の卒業旅行も、考えてみたら、わたしはするべき人でもない、かったことない?,応答なし
あーそうなんだ。,ね、うんまあいっかって思っちゃったかなと思って
ブラジルの人。,応答なし
州?,応答なし
うん。そうだね。ちょっとEちゃんに聞いとこうか、そこら辺。,応答なし
お元気?,もうほとんど食べなくなった。でも私もちょっと好きで、なんかこう
がっつきそう。でもあれって結構上品な食事やんねえ。えー、楽しみや、温泉。,応答なし
キルフェボンってお店、浜松にあるみたいだよ。,へえーすごいですね
えっ、今日お願いとかいって、そんないきなり言わないでくださいって感じだね。うん。,応答なし
やってたじゃん。,応答なし
まあ、そりゃあねえ、あのー、最大のイベント済んだから、あとは淡々と半年でちょんかもしらんけど。次は帰るのがイベントになるやろけど。ほやけどいろいろお金掛かってると思うねんけど。帰るにあたってやね、また荷造りして一部船で送ったりせんとあかんと思うねんけどな、俺は。,応答なし
そうそうそうそう、何かこう、何かが近づいてきてそれをこうつかんだ瞬間にもう遠くに行っちゃってっていう感じだよね。,ほん
その検査で、検査で。違う、牛が。,応答なし
本当。,応答なし
うんうんうん。,応答なし
お父さん4年、海外勤務って結構長いね。,応答なし
で、基本的には、細かい調整はー、右手でー後ろのトレーラーでー、調整すればいいだけでー。ま、その、適切なギアを選ぶっていうのは、やっぱり自分の感覚じゃないとわかんねえから。常に一定の軽さになるように調節しながら乗らないと。チャリで一番大事なのは、なんか重いギアをなんか力いっぱい踏むことじゃなくて、軽、軽めのギアでー、回転を稼ぐの方が大事だから,そう
あります、あります。どんどんあれですね、建て替えて。,応答なし
結構残酷やねー。,ほんとにすごいよ、こんなところであんなふう
そうよね。それが悪いとも思わないし。私もよく考えたら、親は私が中心ではなかったし。親は親の楽しみの方が大事だったであろうとかって思ってたんやんか。子どもっていうのは飾りみたいなもんやなって。で、それは悪いふうにも見えるけど、よう考えたら、そんなもんちゃうかとかって思って。それを、全部犠牲にしましたとかっていうのも、よっぽどの、なんていうのか、深さが、,応答なし
うーん、わかる、それ。,応答なし
あ、でもだいぶ前の話よ、それは。,応答なし
大学んときさあ、水曜日朝練だったじゃんね。5時半起きでなんかすごい中途半端な時間だもんでー、すごい混んで間に合わんもんでー、8時からなんだけど6時ぐらいのに出るじゃんね。,でも
むかつけ。あーあ。,応答なし
だから屋根もその3か月ぐらい。かわ、あれを落としてそれからペンキ塗って、3回。,応答なし
和紙人形のいっぱいあるねえ。,そうだよー、そうなんだよ私も
うーん。でもねー、なんかバスがなかなか来なかったりするじゃん、目白からの。だからねー、1時間半ぐらい、うん、見て。でも間に合わなくっていっつもギリギリ。うん。,応答なし
あれ、懐メロ、あれをさ、あれのなんかどれかをコピーしたカセットが出てきてさ、ダビング。それをねー、最近聞いてる。チャンチャンチャンチャン、チャンチャンチャンチャン、チャンチャンチャンチャン、チャンチャンチャンチャン。,応答なし
だからSさんなんかこちらの手駒を使われちゃ困るから、ほかの人にしてもらった方がいいんじゃない?いや、なんでSさん。,応答なし
うん。,応答なし
そうそうそうそうそう、なんか。,ふーんそうなのよねえ
だれに言われとった。,応答なし
オッケー、オッケー。,応答なし
あー、化粧濃い。,そうだねえさっきからすごいおもしろい
わかった。サラダと、えっとー、こっちかこっちかのパスタか、テリーヌかにして、で、鴨か,応答なし
よいしょ。,応答なし
私、果物が柔らかくなってから食べるっていうのがいまいちなんだよね。,そう
だから、宿題に出すのはあれだけど。,大に行くこと決めた
M。えーっとX。,応答なし
若いとき勢いもあるしさー。留学は刺激になったんだね。,なん
いっか。,あ、ほんとに?うんーんっていうよりはね
いろいろ考え方はあるからみんながみんな同じじゃないでしょうけど。まあ、でも、そうはいうても理科系の人も、英語とか大事だもんね、今。論文書いたりするの。,応答なし
そんなことないんですけど、知らないので、ついてか。,あーっと思っても
先、およそ10キロ先右方向です。,応答なし
ああ。ウエイトレス。でもなあ。でも1回行ってみたいと思う。,応答なし
こうていえき。,応答なし
わたし、ちょっとバター・トーストも頼んじゃおうかな。,応答なし
私が思うに朝のさ番組としてはもう、連続ドラマよかずっとおもしろい。,そ
でさ、私が先に帰ったんだよねー。うん、あ、あんときなんかほら変な日本人がいたじゃん、ギターかなんか弾きながら歌って、変なって言っちゃ失礼だけど。,応答なし
ジャスコもねー、ジャスコも見たいから、そろそろ行こっか。,応答なし
うん、で、その理由を今から説明する。これなんだって。,応答なし
やばい。で、でも何気にちゃんと聞いてるとちゃんとしてることやってるんだけどね。,応答なし
うん。知らない。,なんかねー、まあねえっていうかやっぱ
立てようかー。,あ、そうだねえ?なんかさっさと終わって
まじで?,応答なし
高くないかー?,応答なし
やらせたいけど。まだ時間があるー。,もう、さんがねえ
やっぱり工学部は女子が少ないんですね。,応答なし
でもそしたら、ちょっとすぎるかしら。ちょっとすぎるというか,応答なし
もうほんとに、おっさん来てくれんのがちょっとショック。,でも
はい。,え、じゃあ1人暮らしするには
知り合いの柴犬が元気だったころ、主人が出張で、1週間ぐらい留守したのかな。で帰ってきたて、鍵開けたら玄関でこうやって伏せてるの。,応答なし
うん、ま、この、この人をー、あ、わかるよね。,そうです
たぶん大丈夫。,ほんと?今何がいいんだ
なーんだろう。何かあったよね。,応答なし
うらやますい。,応答なし
だけど何かあれ期限あるかもしれんとか言って。結局、何?使う、1か月に1回頻度だったら買うだけむだかなとかって、いろいろ考えてさー。,応答なし
あー、そっくり。,応答なし
おにい、お姉さんの仕事のやつじゃなくて、お兄さんの、何か忘れたけど。,応答なし
そうなんですよね。,応答なし
乾杯してジャンっていうひと中にはいるよね。,応答なし
外歩くときにね、向こうからいらっしゃる方のお顔がよくわからないのね。それで眼鏡買ったのよー。,そう
店どうだったっていうのはコメントしてない、私、それに対して。ほかのことで。,応答なし
あっ、そうですか。,応答なし
ソウルメイト。,応答なし
そうそうそうそう。で、でも買っちゃったから、ああいうふうに出しててー。でもねえ、合わせて2300円だか2400円だかぐらいするんだけど、1000円ぐらいなの。,応答なし
えっ、1か月ー?,応答なし
うーん、ピナレロはあったんじゃねえか。あ、チネ、チネリがあったな、古いやつな。,応答なし
ふーん、じゃあよかった。,うん?なんかさ
5時半か。5時半。,1個?2
そうかなー。,なんか、先生も言ってたよねえ・何か
おでんのあともうどんやで。,何が変わった?え
Zだよ、うん。そう、んで、知らないカップルのうちに行ってー、でー、知らな、初めてそこで会う人なんかもいたのにー、それなのにさー、こうー、ま、みんなで毛布掛けてー、こうクッションかなんかの上に横たわって、見てたんだけど、ほんっとに爆睡してしまって。1、2、3、どれも、,応答なし
それを言うな。悲しくなるから。,そしたらね、もうお母さんの
あっ、値段を決めようー。,応答なし
じゃあ、これが正しいんですね。,応答なし
あー。えっ、やっぱさ、車で、こうさー、タクシーとか乗って、見学とか行けんのかな?,応答なし
ダウンロードできるかな。,応答なし
でもねー、なんかー。,うん?そうよって言うかなあと思って
なんだっけ、なんかがあった、忘れちゃった。,応答なし
友達ーの車でー、夜中、出てって。,応答なし
うんうん。すごく長かった。うん。,なんで?
ふーん。,ね、すごいさばけるのよこれはおもしろい
やること一緒かな、もしかして。,応答なし
今の子どもは習い事で英語やってると思う。,応答なし
ポンとかって。,応答なし
自分が知らない木の名前とかもあるわけでしょう。そういう時は子供にどうやっておしえるの?,応答なし
ほんとはね、マイクの存在なんか忘れるとかって言ってたけど、忘れないよね、こんな。,応答なし
うん。ほんとにつくづくそう思った。,応答なし
なんで手羽先わざわざ買ってこなきゃいけないんだ、俺が。,応答なし
すごいじゃん。,へえーとか思うけど、でもほんとにやっぱり
、結構さ、理系の人って結構さ、あれじゃん。浪人するじゃん。文系ってあんまり、こうなんか、私大へ行っちゃうとか。うん。あっ、いないや全然、たぶん。,応答なし
確かに仕事だけが生きがいっていうのももう、それがなくなっちゃった、例えば事故とかそういうことでできなくなっちゃったときに、何もなくなっちゃうもんねー。,そう
うん。私は、Eメールで出したらー、はがきで返ってきて。,そう
そんな気もする。なんかそこまでかける時間がもったいない気がしてしかたがない。,応答なし
Q大の次期ですね。何気に入試とかだしね。浪人の人とかはね。もうあれじゃん、センターとかさ、秒読みじゃない?,応答なし
いないかー。,うん、それはそれでいいのかなあと思ってるんだけど
甥、幼稚園に合格しましたよー。行けることになったよー。うーん。,応答なし
うちのお母さんみたいなそういうさあ。古くっさいことを言うじゃない。,そうよ
駅ー。あー、あんまし食べない。,なん
5人分料理の材料を買うのは楽。でも量は多いよね。洗い物とかっていうのはすごい。,私の
えい。よいしょ。切れたかしら。,あ、でもなん
病気もだけどやっぱり目が見えないっての、い、一番気の毒だと私は思う。,
大変だ、それは。,ほんとにー?すごいよねえとかもさ
フランスの政府がお金を出して、やってる学校があるんだけど、すごくね、月謝が安いのよ。3か月で、2万円だか3万円だか。,応答なし
イタリア語わかんないんですけどね、マンマはまあ何となく、ママと言ってるだろうと。いちいちマンマかって聞かれるのね。あの、マンマと一緒でかわいそう。,応答なし
あ、電話、大丈夫?,応答なし
自分の人生の下地ができませんっていう、危機感を感じ出してしまってね。だめじゃないかーって。,そう
やめんのかい。ここまで来てやめんのかい。,応答なし
すごいでしょう?,応答なし
うん。,応答なし
プロモーションビデオ?,応答なし
ふーん、インターミディエート・ジャパニーズ。あー、はいはいはいはいはい。うーん、なるほど、なるほど。,応答なし
そうそう、聞いたんだよね。したらやっぱあのときに、ちょうど、その、私、修論は必ずその、か、返すっていうか、本人の、で、なんか、私たちのちょっと前ぐらいだと、まあ一応返すような、まあ、あいまいっていうか。それで、今だとほんとに返してるんだけど、ちょうどその転換の時期だったらしくて、たぶん、たぶん学校にはあるでしょうけど、この間、研究室の中で探し,応答なし
うん。,応答なし
それってメールで送ったの?内容は。,応答なし
あ、そうなんだ。,そうですねーさんにお任せしました
で、これ、F先生聞いてくれるかなー。,応答なし
和光大学。わ、和光っていうのは、あの、埼玉かと思ったら違った。埼玉県に和光市っていうとこがあるから、あそこかと思ったら違うんですよね。町田市、和光大学。,応答なし
ねー。,うん、だからそうだと思うよっていうのも書いておいた方が
そうそう、おもしろくてさー。なんか、ちょっとお金ないんだけどさ、ちょっと、なんか入れてくれたりさ。,応答なし
4か月以降測ってない。,うん、だからその辺でもう何回もやって
うん。今年度は12月いっぱいで終わるから、もうそうなったら行かなくてもよくて、そうすると。午前中だけ。,応答なし
かわいいよね。かわいいけど、悪い子なんだよ。だれもいないとき、だれもいないときにね、台所でね、1人で、あな、あも、ものあさってんの。悪でしょー。かわいい顔して悪なんだよ、あいつ。,応答なし
みんなで。,応答なし
みんな、両方すきを見て、ほんで。,応答なし
一応タイトルは、自伝になってる。自分の心の中のことを書いただけですみたいな、サブタイトルにはなってるけど。うん、なかなか気持ち悪い。あんなん初めてや。,応答なし
私は日本の文化には合わないと思う。,わかるよー、すごいねえって言ったらさ
ごめんね。確かに私も、人でなしのやることをしてるとは思う。,でも
で、今度返事来ないから、ほんとにほんとにひどかったんじゃとか、またさらに。,
忙しいっつうか、だからせわしないってのは、なんかせかせかしてるっていうか、せかせかするかな。,応答なし
6年教えたら、一応半年か1年休める規定はあるけども、みんな使ってないですね。,応答なし
絶対やられる。ほら、やられた。,でもねー、「あかんかった
今はね、日本も、中高年の女の人は暇があるから、そこそこお金があれば、あか抜けた人はいるじゃない?男ね、問題は。これは、これはちょっと時間かかりそうね。今の若い子たちが、中高年になれば、それなり,応答なし
えらい移りますね。,応答なし
一番理想的なのは朝6時とかに起きます。それで何も食べず4、5時間、パアーッと。もうすごく動けるの。,応答なし
今は、でもまだ、そんなに映ってないかな。でももうわかる?,応答なし
なんか、あのー、Bとかでも、自立しているようで、ようでって、自立してんやけど、家族仲はすごい、いいとか。,そう
じゃ高島屋かもしれん。,応答なし
大学の日本語教育の求人が載っているサイトもあるのね。で、見てたら、G大の留学生センターが任期期限つきの講師とかいうので出てて、2年とか1年だったかな、でも更新ありなんだって。で、専任なんだ、ちゃんと。,応答なし
「マテリアル・ガール」っていうマドンナの曲が、あるじゃん。,応答なし
でも積極的にやらんから。,あ、そうなんだーちゃんねって聞いたら
うん。で、だしかなー。,応答なし
この時期はー、私、あひ、この時期は、、表を作ってた。,応答なし
ええっ。,応答なし
うんうんうん。,応答なし
そうそうそう。,あ、そうなんだー?何でそんな
ユングの自伝は、なんか、意味はあんまりわからなかった。,応答なし
不思議だよねー。べつに嫌いじゃないけどさー、好きじゃないよ。そんな。,応答なし
そうねえ、来すぎてる気がする。,まあその辺はや
ベビーシッター子って、日本人のこどもなんでしょ。,応答なし
そうなんですよね。,応答なし
あ、でもそうじゃない?Jちゃんとかだってさー、1年のさー、お年玉たまるの100万近いらしいじゃん。,応答なし
本当?,応答なし
そう、ウチウキ,応答なし
そうですね。そのあと、そうですね、定年でお辞めになる方が出てくるから。来年、再来年あたりが一番、,応答なし
エルムアベニューヘルスセンター。これなんて読むの?ゴダード?,応答なし
見ないよね。,いいなー、かわいそうだって思ったもんさあ
え、どこの人なの、その人。,応答なし
イチョウの葉エキスと。イチョウの葉、それね、あのー、お徳用で買うとね、変な話。3か月のお得用があって、あの、それだと3か月分入ってて、で、またまたちょっと割安になるんですけど、それをね。,応答なし
とりあえず四角だったけど。,うん、ほんとはこうちゃんとこっちに
これこれ、受かるね。こ、これはね。,応答なし
明日3時までなんだよね。,応答なし
あーでも楽器やりたいなーって思ったね、リコーダーとかクラリネット久しぶりに吹いたら。,ほん
私の友達、今日は1、3、4限って入ってるのかな。でも今日、朝来なかったの。,応答なし
私たちに聞かせてほしいね、うーん。,応答なし
そうそうそうそう、面倒くさい。,うんねーやっぱりさん
白川郷って湯たんぽサービスとか、あるかな。なんか、暖房だけでは寒そうだけど。,応答なし
何かそんな額じゃなかったよ、その子どもの家はー。そんな、見たときびっくりしなかったもん。何かさー、岡崎今さ、こないだ市長が替わってからさー、あのー、ただ、医療費ただが5歳までに引き上げられたとかさー。,応答なし
いやいや。,うん、なんかねーそういう感じがするなあ
えーっと、26ですね。,27じゃないですか?
みんな大きい車に乗りすぎなのよ、日本みたいな小さなとこで。,応答なし
お互いに、珍しい名前ですねーって言われませんか。,すごいよさそうだ
あのーほら、横浜の方とかさあ。,応答なし
眠いとか言って。,応答なし
あなたもあそこのパスタ屋さん行ったことあるの?しかも彼氏と?まじで?,応答なし
1日はきついよねーとか言って。,そうだよ、でもほんとに
そっかー。私、この前、つい最近、Hさんに会って、で。,応答なし
こないだそう、なんか鎖を切ってねえ、逃げ出したらしい。,だから
うん。あんまり。,応答なし
うーん、そうだね。どうしよー。結構高いんだーと思って、びっくりしちゃった、これ。あー、じゃまたー。,応答なし
うん。,応答なし
この時間に食べると太るんだ。,うん、それなりにねーやったから
うん。,応答なし
要は電気自動車?,応答なし
お兄ちゃん?,応答なし
考えるきっかけ、を与えてくれたなーと思って。,応答なし
海鮮なべってなんか食べたね、昔。韓国でなんか。,応答なし
えっと、な、何をやってらっしゃるんですか。,応答なし
ん?ちょ待てよ。町、あれ、岐阜県、白鳥町、岐阜県郡上郡白鳥町か、あれは。,応答なし
うん。バスで、回っていくツアー。,応答なし
大学院卒業旅行は行かない。,でね、それなりにいろとやってた
やばいよ。,なんかね、この前ちょっとだけ行ってさーすごい寒かった
月曜日までのシラバスは作ってあるけどそのあとが全く作れてないんだよね。,応答なし
ここだろ。いてえよ、触んなよ、そこ。,応答なし
あ、そうなのー。,ねえ先生がすごいいい人だからあんまり関係
サラダセットでいい?,応答なし
うーん。全然やる気が出ない。,ほんとにね、やっぱ
うんうん。,応答なし
チャーリーエンジェル?わかんない。,応答なし
でも、でも話す内容はべつにそういうことじゃないでしょう?,応答なし
あんたに韓国の歴史語ってもらってそれをレポートとしてまとめとけばよかったな。,応答なし
でも、やっぱり中国から来た留学生は、自分たちがその世界の中心だというような意識を持っているでしょう、日本人より。,応答なし
なんかさー、トイレットペーパーがしなしなになりそう。,応答なし
ほんと旅行、楽しかったねー。,はい?どう
